Наименование светильника,Цена,Ссылка на описание
Люстра Mantra Torch 6826,28 279 р,https://svetilnik-online.ru/svetilnik-ljustra-mantra-torch-6826
Люстра Odeon Light Corda 4397/55L,51 230 р,https://svetilnik-online.ru/svetilnik-ljustra-odeon-light-corda-4397-55l
Люстра Viokef Charlie 4235800,29 090 р,https://svetilnik-online.ru/svetilnik-ljustra-viokef-charlie-4235800
Люстра Loft It Crescent 5063-A,6 600 р,https://svetilnik-online.ru/svetilnik-ljustra-loft-it-crescent-5063-a
Люстра Viokef Fancy 4208700,8 190 р,https://svetilnik-online.ru/svetilnik-ljustra-viokef-fancy-4208700
Люстра Odeon Light Focco 4722/24,62 480 р,https://svetilnik-online.ru/svetilnik-ljustra-odeon-light-focco-4722-24
Люстра Escada Barrie 10180/3S,9 900 р,https://svetilnik-online.ru/svetilnik-ljustra-escada-barrie-10180-3s
Люстра Odeon Light Caramella 5412/13LD,12 860 р,https://svetilnik-online.ru/svetilnik-ljustra-odeon-light-caramella-5412-13ld
Люстра Delight Collection Crystal rock II 9701P/1 brass,10 500 р,https://svetilnik-online.ru/svetilnik-ljustra-delight-collection-crystal-rock-ii-9701p-1-brass
Люстра Viokef Jakarta 4169500,8 690 р,https://svetilnik-online.ru/svetilnik-ljustra-viokef-jakarta-4169500
Люстра Mantra Orion 7305,25 159 р,https://svetilnik-online.ru/svetilnik-ljustra-mantra-orion-7305
Люстра Eurosvet Rim 90165/1,18 500 р,https://svetilnik-online.ru/svetilnik-ljustra-eurosvet-rim-90165-1
Люстра Viokef Fancy 4208701,8 690 р,https://svetilnik-online.ru/svetilnik-ljustra-viokef-fancy-4208701
Люстра Odeon Light Banche 5005/12,56 840 р,https://svetilnik-online.ru/svetilnik-ljustra-odeon-light-banche-5005-12
Люстра Loft It Spark 10101/1000 Gold,65 870 р,https://svetilnik-online.ru/svetilnik-ljustra-loft-it-spark-10101-1000-gold
Люстра Delight Collection Goddess Tears P68009S-1G gold,13 000 р,https://svetilnik-online.ru/svetilnik-ljustra-delight-collection-goddess-tears-p68009s-1g-gold
Люстра Indigo Piroet 12011/12P Brass V000053,102 780 р,https://svetilnik-online.ru/svetilnik-ljustra-indigo-piroet-12011-12p-brass-v000053
Люстра Mantra Eos 1883,47 663 р,https://svetilnik-online.ru/svetilnik-ljustra-mantra-eos-1883
Люстра Escada Barrie 10180/1S,4 170 р,https://svetilnik-online.ru/svetilnik-ljustra-escada-barrie-10180-1s
Люстра Lightstar Savona 816022,26 698 р,https://svetilnik-online.ru/svetilnik-ljustra-lightstar-savona-816022
Люстра Freya Lauren FR5093PL-01CH,2 800 р,https://svetilnik-online.ru/svetilnik-ljustra-freya-lauren-fr5093pl-01ch
Люстра Loft It Icl 2578-A,5 180 р,https://svetilnik-online.ru/svetilnik-ljustra-loft-it-icl-2578-a
Люстра Escada Midland 10188/1S Brass,3 500 р,https://svetilnik-online.ru/svetilnik-ljustra-escada-midland-10188-1s-brass
Люстра Odeon Light Banche 5004/14,53 790 р,https://svetilnik-online.ru/svetilnik-ljustra-odeon-light-banche-5004-14
Люстра Mantra Orion 7475,64 845 р,https://svetilnik-online.ru/svetilnik-ljustra-mantra-orion-7475
Люстра Newport 3610 3611/S nickel,14 059 р,https://svetilnik-online.ru/svetilnik-ljustra-newport-3610-3611-s-nickel
Люстра Freya Mizar FR4313-PL-01-BL,5 510 р,https://svetilnik-online.ru/svetilnik-ljustra-freya-mizar-fr4313-pl-01-bl
Люстра Viokef Baron 4225900,9 590 р,https://svetilnik-online.ru/svetilnik-ljustra-viokef-baron-4225900
Люстра Maytoni Collar P069PL-L17CH3K,16 490 р,https://svetilnik-online.ru/svetilnik-ljustra-maytoni-collar-p069pl-l17ch3k
Люстра Viokef Merilin 4237400,48 190 р,https://svetilnik-online.ru/svetilnik-ljustra-viokef-merilin-4237400
Люстра Indigo Ritmo 12006/8P Brass V000037,61 470 р,https://svetilnik-online.ru/svetilnik-ljustra-indigo-ritmo-12006-8p-brass-v000037
Люстра Odeon Light Marmi 4360/14L,9 990 р,https://svetilnik-online.ru/svetilnik-ljustra-odeon-light-marmi-4360-14l
Люстра Delight Collection Crystal rock MD-020B-1 chrome,8 810 р,https://svetilnik-online.ru/svetilnik-ljustra-delight-collection-crystal-rock-md-020b-1-chrome
Люстра Escada Quebec 10176/6,16 260 р,https://svetilnik-online.ru/svetilnik-ljustra-escada-quebec-10176-6
Люстра Mantra Tiffany Cromo 3861,22 852 р,https://svetilnik-online.ru/svetilnik-ljustra-mantra-tiffany-cromo-3861
Люстра Viokef Galaxy 4166801,6 290 р,https://svetilnik-online.ru/svetilnik-ljustra-viokef-galaxy-4166801
Люстра Delight Collection 8827P/1 gold,12 110 р,https://svetilnik-online.ru/svetilnik-ljustra-delight-collection-8827p-1-gold
Люстра Freya Amber FR5099PL-L21CH,20 990 р,https://svetilnik-online.ru/svetilnik-ljustra-freya-amber-fr5099pl-l21ch
Люстра Odeon Light Birds 4903/1B,6 810 р,https://svetilnik-online.ru/svetilnik-ljustra-odeon-light-birds-4903-1b
Люстра Maytoni Tening MOD060PL-01G,14 051 р,https://svetilnik-online.ru/svetilnik-ljustra-maytoni-tening-mod060pl-01g
